Title,Price,SKU,Product Url
Efest IMR18650 35amp 3000mah Battery (each),$8.99 ,747,https://101vape.com/efest-imr18650-35amp-3000mah-battery-each.html
Efest LUC BLU6 OLED Bluetooth Intelligent Charger,$39.99 ,733,https://101vape.com/efest-luc-blu6-oled-bluetooth-intelligent-charger.html
Eleaf - iStick Pico RESIN Kit (with Melo 4) - 75W TC TCR - PURPLE,$40.00 ,2734,https://101vape.com/eleaf-istick-pico-resin-kit-with-melo-4-75w-tc-tcr-purple.html
Nautilus 2 Top Fill Tank by Aspire,$21.99 ,1806,https://101vape.com/nautilus-2-top-fill-tank-by-aspire.html
Aspire Cleito 120 Replacement Atomizer Heads (5 pack),$15.99 ,1427,https://101vape.com/aspire-cleito-120-replacement-atomizer-heads-5-pack.html
Nautilus X Tank by Aspire - BLACK,$9.99 ,1202,https://101vape.com/nautilus-x-tank-by-aspire-black.html
Nautilus X Tank by Aspire - ROSE GOLD,$14.99 ,1201,https://101vape.com/nautilus-x-tank-by-aspire-rose-gold.html
Battery Man 26650 Case by Efest,$1.99 ,2834,https://101vape.com/battery-man-26650-case-by-efest.html
Efest IMR 21700 3700mAh 35A Flat Top Battery (Each),$11.99 ,2833,https://101vape.com/efest-imr-21700-3700mah-35a-flat-top-battery-each.html
Efest IMR 20700 3100mAh 30A Flat Top Battery (Each),$11.99 ,2832,https://101vape.com/efest-imr-20700-3100mah-30a-flat-top-battery-each.html
Nautilus X Tank by Aspire - SILVER,$9.99 ,1203,https://101vape.com/nautilus-x-tank-by-aspire-silver.html
Efest IMR 26650 5000mAh 45A Battery (each) ,$9.99 ,1566,https://101vape.com/efest-imr-26650-5000mah-45a-battery-each.html
H6 18650 Battery Case by Efest,$2.49 ,1484,https://101vape.com/h6-18650-battery-case-by-efest.html
LIMITED EDITION Nautilus X Tank by Aspire - RAINBOW,$9.99 ,1204,https://101vape.com/limited-edition-nautilus-x-tank-by-aspire-rainbow.html
H4 18650 Battery Case by Efest,$1.99 ,1483,https://101vape.com/h4-18650-battery-case-by-efest.html
Samsung - 20S - 2000mAh - 18650 High Drain Battery (Pair),$14.99 ,SAMS20SB,https://101vape.com/samsung-20s-18650-vape-battery.html
Samsung 25S 18650 2500mAh High Drain Batteries (Pair),$14.99 ,2835,https://101vape.com/samsung-25s-18650-2500mah-high-drain-batteries-pair.html
Uwell - Fancier RTA / RDA - 24mm - STAINLESS STEEL,$18.00 ,2717,https://101vape.com/uwell-fancier-rta-rda-24mm-stainless-steel.html
Crown 3 Mini Subohm Tank by Uwell - BLACK,$14.99 ,1927,https://101vape.com/crown-3-mini-subohm-tank-by-uwell-black.html
Uwell - Whirl 20 All-in-One Starter Kit - 700mAh 2mL,$20.00 ,UWELWH20,https://101vape.com/uwell-whirl-20-all-in-one-starter-kit-700mah-2ml.html
Uwell - Fancier RTA / RDA - 24mm - IRIDESCENT,$18.00 ,2718,https://101vape.com/uwell-fancier-rta-rda-24mm-iridescent.html
Hugo Vapor - Rader Mage GT218 Mod - 218W TC TCR,$24.00 ,2818,https://101vape.com/hugo-vapor-rader-mage-gt218-mod-218w-tc-tcr.html
Uwell - Fancier RTA / RDA - 24mm - SAPPHIRE BLUE,$18.00 ,2715,https://101vape.com/uwell-fancier-rta-rda-24mm-sapphire-blue.html
GT Laser 255X LED 3500mAh 150W Box Mod by XOMO - RAINBOW,$43.00 ,2239,https://101vape.com/gt-laser-255x-led-3500mah-150w-box-mod-by-xomo-rainbow.html
Uwell - Fancier RTA / RDA - 24mm - BLACK,$18.00 ,2716,https://101vape.com/uwell-fancier-rta-rda-24mm-black.html
VooPoo - Drag Mod - 157W TC TCR - SILVER RAINBOW,$44.99 ,2593,https://101vape.com/voopoo-drag-mod-157w-tc-tcr-silver-rainbow.html
VooPoo - Gold Drag Kit - 157W TC TCR - TURQUOISE,$69.99 ,2609,https://101vape.com/voopoo-gold-drag-kit-157w-tc-tcr-turquoise.html
Ignition RDA (Ceramic Limited Edition) by Congrevape - GOLD,$19.99 ,1898,https://101vape.com/ignition-rda-ceramic-limited-edition-by-congrevape-gold.html
VooPoo - Gold Drag Kit - 157W TC TCR - RAINBOW,$69.99 ,2621,https://101vape.com/voopoo-gold-drag-kit-157w-tc-tcr-rainbow.html
VooPoo - Gold Drag Kit - 157W TC TCR - JADE,$69.99 ,2607,https://101vape.com/voopoo-gold-drag-kit-157w-tc-tcr-jade.html
VooPoo - Gold Drag Kit - 157W TC TCR - AZURE,$69.99 ,2608,https://101vape.com/voopoo-gold-drag-kit-157w-tc-tcr-azure.html
VooPoo - Drag Mod - 157W TC TCR - GOLD TURQUOISE,$54.99 ,2510,https://101vape.com/voopoo-drag-mod-157w-tc-tcr-gold-turquoise.html
VooPoo - Gold Drag Kit - 157W TC TCR - PURPLE JADE,$69.99 ,2622,https://101vape.com/voopoo-gold-drag-kit-157w-tc-tcr-purple-jade.html
VooPoo - Drag Mod - 157W TC TCR - GOLD AZURE,$54.99 ,2507,https://101vape.com/voopoo-drag-mod-157w-tc-tcr-gold-azure.html
VooPoo - Drag Mod - 157W TC TCR - GOLD PURPLE JADE,$54.99 ,2509,https://101vape.com/voopoo-drag-mod-157w-tc-tcr-gold-purple-jade.html
VooPoo - Drag Mod - 157W TC TCR - GOLD RAINBOW,$54.99 ,2508,https://101vape.com/voopoo-drag-mod-157w-tc-tcr-gold-rainbow.html
Glazed Donuts Loaded E-Liquid by Ruthless - 120mL,$29.99 ,1266,https://101vape.com/glazed-donuts-loaded-e-liquid-by-ruthless-120ml.html
Molly by Modus Vapors - 60mL,$23.99 ,1251,https://101vape.com/molly-by-modus-vapors-60ml.html
Smores Loaded E-Liquid by Ruthless - 120mL,$29.99 ,1265,https://101vape.com/smores-loaded-e-liquid-by-ruthless-120ml.html
Strawberry Crispy Treats by Ethos Vapors - 60mL,$29.99 ,1264,https://101vape.com/strawberry-crispy-treats-by-ethos-vapors-60ml.html
Crispy Treats by Ethos Vapors - 60mL,$29.99 ,1184,https://101vape.com/crispy-treats-by-ethos-vapors-60ml.html
Huckleberry Pear Acai - Pachamama - Charlie's Chalk Dust - 60mL,$19.99 ,2762,https://101vape.com/huckleberry-pear-acai-pachamama-charlie-s-chalk-dust-60ml.html
Pachamama Fuji Apple by Charlie's Chalk Dust - 60mL,$19.99 ,2355,https://101vape.com/pachamama-fuji-apple-by-charlie-s-chalk-dust-60ml.html
Strawberry by Jam Monster - 100mL,$19.99 ,2032,https://101vape.com/strawberry-by-jam-monster-100ml.html
Pachamama Mint Leaf by Charlie's Chalk Dust - 60mL,$19.99 ,1742,https://101vape.com/pachamama-mint-leaf-by-charlie-s-chalk-dust-60ml.html
Blueberry by Jam Monster - 100mL,$19.99 ,2031,https://101vape.com/blueberry-by-jam-monster-100ml.html
Pachamama Peach Papaya Coconut Cream by Charlie's Chalk Dust - 60mL,$19.99 ,1581,https://101vape.com/pachamama-peach-papaya-coconut-cream-by-charlie-s-chalk-dust-60ml.html
Pachamama Strawberry Guava Jackfruit by Charlie's Chalk Dust - 60mL,$19.99 ,1580,https://101vape.com/pachamama-strawberry-guava-jackfruit-by-charlie-s-chalk-dust-60ml.html
Rainbow Road - Vapetasia - 100mL,$19.99 ,2709,https://101vape.com/rainbow-road-vapetasia-100ml.html
Killer Kustard Lemon - Vapetasia - 100mL,$19.99 ,2708,https://101vape.com/killer-kustard-lemon-vapetasia-100ml.html
Milk of the Poppy - Vapetasia - 100mL,$19.99 ,2710,https://101vape.com/milk-of-the-poppy-vapetasia-100ml.html
Cuttwood - Boss Reserve - Vape Juice - 60mL,$19.99 ,CUTTBOSS,https://101vape.com/cuttwood-boss-reserve-vape-juice-60ml.html
Outdoors & Smores by Campfire - 60mL,$19.99 ,1585,https://101vape.com/outdoors-smores-by-campfire-60ml.html
Cuttwood - Unicorn Milk - Vape Juice - 60mL,$19.99 ,CUTTUNIC,https://101vape.com/cuttwood-unicorn-milk-vape-juice-60ml.html
Cuttwood - Sugar Drizzle - Vape Juice - 60mL,$19.99 ,CUTTSUGA,https://101vape.com/cuttwood-sugar-drizzle-vape-juice-60ml.html
Pink Lemonade - Vapetasia - 100mL,$19.99 ,2707,https://101vape.com/pink-lemonade-vapetasia-100ml.html
Yellow Butter Cake by Bake Sale - 60mL,$19.99 ,1582,https://101vape.com/yellow-butter-cake-by-bake-sale-60ml.html
Apple by Jam Monster - 100mL,$19.99 ,2033,https://101vape.com/apple-by-jam-monster-100ml.html
Cuttwood - Mega Melons - Vape Juice - 60mL,$19.99 ,CUTTMEGA,https://101vape.com/cuttwood-mega-melons-vape-juice-60ml.html
Purple Wedding Cake by Bake Sale - 60mL,$19.99 ,1583,https://101vape.com/purple-wedding-cake-by-bake-sale-60ml.html
Cuttwood - Tobacco Trail - Vape Juice - 60mL,$19.99 ,CUTTTOBA,https://101vape.com/cuttwood-tobacco-trail-vape-juice-60ml.html
Boss Reserve by Cuttwood - 120mL,$54.99 ,895,https://101vape.com/boss-reserve-by-cuttwood-120ml.html
Killer Kustard by Vapetasia - 100mL,$19.99 ,2030,https://101vape.com/killer-kustard-by-vapetasia-100ml.html
Killer Kustard Strawberry by Vapetasia - 100mL,$19.99 ,2029,https://101vape.com/killer-kustard-strawberry-by-vapetasia-100ml.html
Peach Lemonade - Vapetasia - 100mL,$19.99 ,2705,https://101vape.com/peach-lemonade-vapetasia-100ml.html
Pachamama Mango Pitaya Pineapple by Charlie's Chalk Dust - 60mL,$19.99 ,1579,https://101vape.com/pachamama-mango-pitaya-pineapple-by-charlie-s-chalk-dust-60ml.html
Blackberry Lemonade - Vapetasia - 100mL,$19.99 ,2706,https://101vape.com/blackberry-lemonade-vapetasia-100ml.html
Cuttwood - Bird Brains - Vape Juice - 60mL,$19.99 ,CUTTBIRD,https://101vape.com/cuttwood-bird-brains-vape-juice-60ml.html
Cuttwood - Mr. Fritter - Vape Juice - 60mL,$19.99 ,CUTTMRFR,https://101vape.com/cuttwood-mr-fritter-vape-juice-60ml.html
Salt Factory - Crisp Apple - Salt Nic Vape Juice - 30mL,$14.99 ,SAFACRIS,https://101vape.com/salt-factory-crisp-apple-salt-nic-vape-juice-30ml.html
Salt Factory - Iced Chee - Salt Nic Vape Juice - 30mL,$14.99 ,SAFAICCH,https://101vape.com/salt-factory-iced-chee-salt-nic-vape-juice-30ml.html
Salt Factory - Blue Razz - Salt Nic Vape Juice - 30mL,$14.99 ,SAFABLRA,https://101vape.com/salt-factory-blue-razz-salt-nic-vape-juice-30ml.html
Usonicig - Rhythm Starter Kit - Coil Free - 1500mAh 2mL,$35.00 ,USONRHYT,https://101vape.com/usonicig-rhythm-starter-kit-coil-free-1500mah-2ml.html
Vladdin RE Pod System Starter Kit - 350mAh 1.5mL,$28.99 ,VLADDIRE,https://101vape.com/vladdin-re-pod-system-starter-kit-by-vladdin-350mah-1-5ml.html
Usonicig - Replacement Tank Pod - Rhythm Coil Free Kit (Each),$5.99 ,USONREPL,https://101vape.com/usonicig-replacement-tank-pod-rhythm-coil-free-kit-each.html
OVNS - Cookie Starter Kit - Pod System - 400mAh 2mL,$12.00 ,OVNSCOOK,https://101vape.com/ovns-cookie-starter-kit-pod-system-400mah-2ml.html
Juusu - Yami Salt by Yami Vapor - Salt Nic Vape Juice - 30mL,$14.99 ,YASAJUUS,https://101vape.com/juusu-yami-salt-by-yami-vapor-salt-nic-vape-juice-30ml.html
Icy Trio - Yami Salt by Yami Vapor - Salt Nic Vape Juice - 30mL,$14.99 ,YASAICTR,https://101vape.com/icy-trio-yami-salt-by-yami-vapor-salt-nic-vape-juice-30ml.html
Taruto - Yami Salt by Yami Vapor - Salt Nic Vape Juice - 30mL,$14.99 ,YASATARU,https://101vape.com/taruto-yami-salt-by-yami-vapor-salt-nic-vape-juice-30ml.html
Solace - Mango - Salt Nic Vape Juice - 30mL,$14.99 ,SOLAMANG,https://101vape.com/solace-mango-salt-nic-vape-juice-30ml.html
Replacement Pods for Vladdin RE Starter Kit (4 Pack),$14.99 ,VLADREPO,https://101vape.com/replacement-pods-for-vladdin-re-starter-kit-4-pack.html
Digiflavor - Drop RDA - 24mm - BF Compatible,$25.99 ,2830,https://101vape.com/digiflavor-drop-rda-24mm-bf-compatible.html
Solace - Lemonade - Salt Nic Vape Juice - 30mL,$14.99 ,SOLALEMO,https://101vape.com/solace-lemonade-salt-nic-vape-juice-30ml.html
Solace - Latte - Salt Nic Vape Juice - 30mL,$14.99 ,SOLALATT,https://101vape.com/solace-latte-salt-nic-vape-juice-30ml-1.html
Solace - Dragon Fruit Menthol - Salt Nic Vape Juice - 30mL,$14.99 ,SOLADRFR,https://101vape.com/solace-dragon-fruit-menthol-salt-nic-vape-juice-30ml.html
Solace - Creamy Tobacco - Salt Nic Vape Juice - 30mL,$14.99 ,SOLACRTO,https://101vape.com/solace-creamy-tobacco-salt-nic-vape-juice-30ml.html
Solace - Strawberry - Salt Nic Vape Juice - 30mL,$14.99 ,SOLASTRA,https://101vape.com/solace-strawberry-salt-nic-vape-juice-30ml.html
SMOKJOY - OPS-1 Pod System Starter Kit - 1100mAh 2mL,$29.99 ,SMJOOPS1,https://101vape.com/smokjoy-ops-1-pod-system-starter-kit-1100mah-2ml.html
SMOKJOY - Replacement Pod Cartridge Coils - OPS-1 Kit (2 Pack),$7.99 ,SMJOREPL,https://101vape.com/smokjoy-replacement-pod-cartridge-coils-ops-1-kit.html
Cush Man - Mango Strawberry - Nasty Juice - 60mL,$19.99 ,2704,https://101vape.com/cush-man-mango-strawberry-nasty-juice-60ml.html
Cush Man - Mango Grape - Nasty Juice - 60mL,$19.99 ,2702,https://101vape.com/cush-man-mango-grape-nasty-juice-60ml.html
The One - Blueberry - Beard Vape Co - 100mL,$21.99 ,2711,https://101vape.com/the-one-blueberry-beard-vape-co-100ml.html
Cush Man - Mango Banana - Nasty Juice - 60mL,$19.99 ,2703,https://101vape.com/cush-man-mango-banana-nasty-juice-60ml.html
No. 00 Sweet Tobaccoccino - Beard Salt by Beard Vape Co - 30mL,$19.99 ,2619,https://101vape.com/no-00-sweet-tobaccoccino-beard-salt-by-beard-vape-co-30ml.html
No. 42 Menthol Fruit Cup - Beard Salt by Beard Vape Co - 30mL,$19.99 ,2616,https://101vape.com/no-42-menthol-fruit-cup-beard-salt-by-beard-vape-co-30ml.html
No. 05 NY Cheesecake - Beard Salt by Beard Vape Co - 30mL,$19.99 ,2618,https://101vape.com/no-05-ny-cheesecake-beard-salt-by-beard-vape-co-30ml.html
Green Lime Sparkling Vape Juice by Chill E-Liquid - 60mL,$19.99 ,1636,https://101vape.com/green-lime-sparkling-vape-juice-by-chill-e-liquid-60ml.html
Green (Melon Custard) by Beard Vape Co - 60mL,$19.99 ,1724,https://101vape.com/green-melon-custard-by-beard-vape-co-60ml.html
No. 32 Cinnamon Funnel Cake - Beard Salt by Beard Vape Co - 30mL,$19.99 ,2617,https://101vape.com/no-32-cinnamon-funnel-cake-beard-salt-by-beard-vape-co-30ml.html
No. 71 Sugar Peach - Beard Salt by Beard Vape Co - 30mL,$19.99 ,2615,https://101vape.com/no-71-sugar-peach-beard-salt-by-beard-vape-co-30ml.html
Red (Strawberries and Cream) by Beard Vape Co - 60mL,$19.99 ,1722,https://101vape.com/red-strawberries-and-cream-by-beard-vape-co-60ml.html
Tan (Chai Tea Latte) by Beard Vape Co - 60mL,$19.99 ,1721,https://101vape.com/tan-chai-tea-latte-by-beard-vape-co-60ml.html
Pink (Mango Lychee) by Beard Vape Co - 60mL,$19.99 ,1723,https://101vape.com/pink-mango-lychee-by-beard-vape-co-60ml.html
Vapor Maid Pancake by Beard Vape Co - 60mL,$19.99 ,1710,https://101vape.com/vapor-maid-pancake-by-beard-vape-co-60ml.html
Super Strudel Brown Sugar by Beard Vape Co - 60mL,$19.99 ,1709,https://101vape.com/super-strudel-brown-sugar-by-beard-vape-co-60ml.html
Super Strudel Strawberry by Beard Vape Co - 60mL,$19.99 ,1707,https://101vape.com/super-strudel-strawberry-by-beard-vape-co-60ml.html
Vapor Maid Pudding by Beard Vape Co - 60mL,$19.99 ,1662,https://101vape.com/vapor-maid-pudding-by-beard-vape-co-60ml.html
No. 42 Cold Fruit Cup by Beard Vape Co - 60mL,$19.99 ,1618,https://101vape.com/no-42-cold-fruit-cup-by-beard-vape-co-60ml.html
No. 24 Salted Caramel Malt by Beard Vape Co - 60mL,$19.99 ,1478,https://101vape.com/no-24-salted-caramel-malt-by-beard-vape-co-60ml.html
No. 32 Cinnamon Funnel Cake by Beard Vape Co - 60mL,$19.99 ,1477,https://101vape.com/no-32-cinnamon-funnel-cake-by-beard-vape-co-60ml.html
No. 71 Sweet & Sour Sugar Peach by Beard Vape Co - 60mL,$19.99 ,1476,https://101vape.com/no-71-sweet-sour-sugar-peach-by-beard-vape-co-60ml.html
No. 71 - Sweet and Sour Sugar Peach - Beard Vape Co - 30mL,$9.99 ,1469,https://101vape.com/no-71-by-beard-vape-co-30ml.html
Blue (Melon Cucumber) by Beard Vape Co - 60mL,$19.99 ,1725,https://101vape.com/blue-melon-cucumber-by-beard-vape-co-60ml.html
Sticky Buns - Vapor Maid by Beard Vape Co - 100mL,$21.99 ,2539,https://101vape.com/sticky-buns-vapor-maid-by-beard-vape-co-100ml.html
The One by Beard Vape Co - 100mL,$21.99 ,2161,https://101vape.com/the-one-by-beard-vape-co-100ml.html
Vapor Maid Cookie Jar by Beard Vape Co - 60mL,$19.99 ,1807,https://101vape.com/vapor-maid-cookie-jar-by-beard-vape-co-60ml.html
Ram Salt - Dragons Dance - Nic Salt Vape Juice - 30mL,$9.99 ,2681,https://101vape.com/ram-salt-dragons-dance-nic-salt-vape-juice-30ml.html
Ram Salt - Dragons Fruit - Nic Salt Vape Juice - 30mL,$9.99 ,2682,https://101vape.com/ram-salt-dragons-fruit-nic-salt-vape-juice-30ml.html
Dragons Ice by Ram Premium E-Liquid - 60mL,$9.99 ,1910,https://101vape.com/dragons-ice-by-ram-premium-e-liquid-60ml.html
Ram Salt - Dragons Milk - Nic Salt Vape Juice - 30mL,$9.99 ,2683,https://101vape.com/ram-salt-dragons-milk-nic-salt-vape-juice-30ml.html
Ram Salt - Dragons Ice - Nic Salt Vape Juice - 30mL,$9.99 ,2680,https://101vape.com/ram-salt-dragons-ice-nic-salt-vape-juice-30ml.html
Dragons Twist by Ram Premium E-Liquid - 60mL,$9.99 ,1628,https://101vape.com/dragons-twist-by-ram-premium-e-liquid-60ml.html
Dragons Dew by Ram Premium E-Liquid - 60mL,$9.99 ,1908,https://101vape.com/dragons-dew-by-ram-premium-e-liquid-60ml.html
Dragons Milk by Ram Premium E-Liquid - 60mL,$9.99 ,1323,https://101vape.com/dragons-milk-by-ram-premium-e-liquid-60ml.html
Dragons Jump by Ram Premium E-Liquid - 60mL,$9.99 ,1909,https://101vape.com/dragons-jump-by-ram-premium-e-liquid-60ml.html
Dragons Fruit by Ram Premium E-Liquid - 60mL,$9.99 ,1322,https://101vape.com/dragons-fruit-by-ram-premium-e-liquid-60ml.html
Aunt Meringue by Mr. Meringue - Charlie's Chalk Dust - 60mL,$19.99 ,2763,https://101vape.com/aunt-meringue-by-mr-meringue-charlie-s-chalk-dust-60ml.html
Uncle Meringue Rainbow Sherbert by Mr. Meringue - 60mL,$19.99 ,2162,https://101vape.com/uncle-meringue-rainbow-sherbert-by-mr-meringue-60ml.html
NKTR Sour Strawberry by SQN Vapor - 60mL,$24.99 ,1651,https://101vape.com/nktr-sour-strawberry-by-sqn-vapor-60ml.html
Ms. Meringue Strawberry Meringue by Mr. Meringue - 60mL,$19.99 ,1948,https://101vape.com/ms-meringue-strawberry-meringue-by-mr-meringue-60ml.html
Mission Pod Starter Kit 270mAh by Fundamental Particle,$15.00 ,2357,https://101vape.com/mission-pod-starter-kit-270mah-by-fundamental-particle.html
2-in-1 Fusion 150W TC TCR RDTA Starter Kit by EHPro - ORANGE,$30.00 ,2177,https://101vape.com/2-in-1-fusion-150w-tc-tcr-rdta-starter-kit-by-ehpro-orange.html
NKTR Sour Apple by SQN Vapor - 60mL,$24.99 ,1649,https://101vape.com/nktr-sour-apple-by-sqn-vapor-60ml.html
2-in-1 Fusion 150W TC TCR RDTA Starter Kit by EHPro - YELLOW,$30.00 ,2176,https://101vape.com/2-in-1-fusion-150w-tc-tcr-rdta-starter-kit-by-ehpro-yellow.html
NKTR Guava by SQN Vapor - 60mL,$24.99 ,1647,https://101vape.com/nktr-guava-by-sqn-vapor-60ml.html
NKTR Mango by SQN Vapor - 60mL,$24.99 ,1646,https://101vape.com/nktr-mango-by-sqn-vapor-60ml.html
NKTR Pear by SQN Vapor - 60mL,$24.99 ,1648,https://101vape.com/nktr-pear-by-sqn-vapor-60ml.html
Mr. Meringue by Mr. Meringue - 60mL,$19.99 ,1584,https://101vape.com/mr-meringue-by-mr-meringue-60ml.html
Dragons Dance by Ram Premium E-Liquid - 60mL,$9.99 ,1629,https://101vape.com/dragons-dance-by-ram-premium-e-liquid-60ml.html
2-in-1 Fusion 150W TC TCR RDTA Starter Kit by EHPro - STAINLESS STEEL,$30.00 ,2179,https://101vape.com/2-in-1-fusion-150w-tc-tcr-rdta-starter-kit-by-ehpro-stainless-steel.html
NKTR Sour Watermelon by SQN Vapor - 60mL,$24.99 ,1650,https://101vape.com/nktr-sour-watermelon-by-sqn-vapor-60ml.html
Carnage by ANML Vapors - 30mL,$14.99 ,1179,https://101vape.com/carnage-by-anml-vapors-30ml.html
Thrasher by ANML Unleashed - 60mL,$19.99 ,1507,https://101vape.com/thrasher-by-anml-unleashed-60ml.html
Mi-Pod Pod System 950mAh Vape Starter Kit by SV - RAINBOW,$32.99 ,2557,https://101vape.com/mi-pod-pod-system-950mah-vape-starter-kit-by-sv-rainbow.html
Modefined - Lyra Starter Kit - 200W TC TCR - AMBER SILVER,$40.00 ,2580,https://101vape.com/modefined-lyra-starter-kit-200w-tc-tcr-amber-silver.html
Modefined - Lyra Starter Kit - 200W TC TCR - BLACK,$40.00 ,2577,https://101vape.com/modefined-lyra-starter-kit-200w-tc-tcr-black.html
Mi-Pod Pod System 950mAh Vape Starter Kit by SV - DIGITAL BLACK,$29.99 ,2268,https://101vape.com/mi-pod-pod-system-950mah-vape-starter-kit-by-sv-digital-black.html
Mi-Pod Pod System 950mAh Vape Starter Kit by SV - DIGITAL GRAY,$29.99 ,2267,https://101vape.com/mi-pod-pod-system-950mah-vape-starter-kit-by-sv-digital-gray.html
Yummy Gum by Naked 100 Candy - 60mL,$19.99 ,1678,https://101vape.com/yummy-gum-by-naked-100-candy-60ml.html
Mi-Pod Pod System 950mAh Vape Starter Kit by SV - SILVER,$32.99 ,2556,https://101vape.com/mi-pod-pod-system-950mah-vape-starter-kit-by-sv-silver.html
Mi-Pod Pod System 950mAh Vape Starter Kit by SV - BLACK,$32.99 ,2555,https://101vape.com/mi-pod-pod-system-950mah-vape-starter-kit-by-sv-black.html
Mi-Pod Pod System 950mAh Vape Starter Kit by SV - GOLD,$32.99 ,2554,https://101vape.com/mi-pod-pod-system-950mah-vape-starter-kit-by-sv-gold.html
Replacement Pod Coil for Mi-Pod Kit by Smoking Vapor (2 Pack),$8.99 ,2265,https://101vape.com/replacement-pod-coil-for-mi-pod-kit-by-smoking-vapor-2-pack.html
Modefined - Lyra Starter Kit - 200W TC TCR - BLACK RED,$40.00 ,2576,https://101vape.com/modefined-lyra-starter-kit-200w-tc-tcr-black-red.html
Modefined - Lyra Mod - 200W TC TCR - BLACK SILVER,$40.00 ,2573,https://101vape.com/modefined-lyra-mod-200w-tc-tcr-black-silver.html
Mi-Pod Pod System 950mAh Vape Starter Kit by SV - DIGITAL BLUE,$29.99 ,2266,https://101vape.com/mi-pod-pod-system-950mah-vape-starter-kit-by-sv-digital-blue.html
Modefined - Lyra Mod - 200W TC TCR - AMBER SILVER,$40.00 ,2575,https://101vape.com/modefined-lyra-mod-200w-tc-tcr-amber-silver.html
Sour Sweet by Naked 100 Candy - 60mL,$19.99 ,1677,https://101vape.com/sour-sweet-by-naked-100-candy-60ml.html
Modefined - Lyra Mod - 200W TC TCR - BLACK RED,$40.00 ,2571,https://101vape.com/modefined-lyra-mod-200w-tc-tcr-black-red.html
Berry Belts by Naked 100 Candy - 60mL,$19.99 ,1676,https://101vape.com/berry-belts-by-naked-100-candy-60ml.html
Reaver by ANML Unleashed - 60mL,$19.99 ,1444,https://101vape.com/reaver-by-anml-unleashed-60ml.html
Fury by ANML Vapors - 30mL,$14.99 ,1178,https://101vape.com/fury-by-anml-vapors-30ml.html
Naked 100 Tobacco American Patriots by The Schwartz - 60mL,$19.99 ,1562,https://101vape.com/naked-100-tobacco-american-patriots-by-the-schwartz-60ml.html
Really Berry (Very Berry) by Naked 100 - 60mL,$19.99 ,1516,https://101vape.com/naked-100-very-berry-by-the-schwartz-60ml.html
Naked 100 Tobacco Cuban Blend by The Schwartz - 60mL,$19.99 ,1561,https://101vape.com/naked-100-tobacco-cuban-blend-by-the-schwartz-60ml.html
Naked 100 Menthol Very Cool by The Schwartz - 60mL,$19.99 ,1463,https://101vape.com/naked-100-menthol-very-cool-by-the-schwartz-60ml.html
Naked 100 Lava Flow by The Schwartz - 60mL,$19.99 ,1250,https://101vape.com/naked-100-lava-flow-by-the-schwartz-60ml.html
Naked 100 Tobacco Euro Gold by The Schwartz - 60mL,$19.99 ,1560,https://101vape.com/naked-100-tobacco-euro-gold-by-the-schwartz-60ml.html
Naked 100 Menthol Brain Freeze by The Schwartz - 60mL,$19.99 ,1464,https://101vape.com/naked-100-menthol-brain-freeze-by-the-schwartz-60ml.html
Naked 100 All Melon by The Schwartz - 60mL,$19.99 ,1371,https://101vape.com/naked-100-all-melon-by-the-schwartz-60ml.html
Naked 100 Hawaiian POG by The Schwartz - 60mL,$19.99 ,1249,https://101vape.com/naked-100-hawaiian-pog-by-the-schwartz-60ml.html
Naked 100 Menthol Polar Breeze (Frost Bite) by The Schwartz - 60mL,$19.99 ,1462,https://101vape.com/naked-100-menthol-polar-breeze-frost-bite-by-the-schwartz-60ml.html
Naked 100 Green Blast by The Schwartz - 60mL,$19.99 ,1247,https://101vape.com/naked-100-green-blast-by-the-schwartz-60ml.html
Naked 100 Amazing Mango by The Schwartz - 60mL,$19.99 ,1248,https://101vape.com/naked-100-amazing-mango-by-the-schwartz-60ml.html
VooPoo -Too Kit - 80W/180W TC TCR - SILVER RAISIN,$40.00 ,2390,https://101vape.com/voopoo-too-kit-80w-180w-tc-tcr-silver-raisin.html
VooPoo -Too Kit - 80W/180W TC TCR - SILVER TURQUOISE,$40.00 ,2392,https://101vape.com/voopoo-too-kit-80w-180w-tc-tcr-silver-turquoise.html
VooPoo -Too Kit - 80W/180W TC TCR - SILVER DAZZLE,$40.00 ,2389,https://101vape.com/voopoo-too-kit-80w-180w-tc-tcr-silver-dazzle.html
DRAG 157W TC TCR Box Mod by VooPoo - AZURE,$44.99 ,2150,https://101vape.com/drag-157w-tc-tcr-box-mod-by-voopoo-azure.html
VooPoo -Too Kit - 80W/180W TC TCR - BLACK TURQUOISE,$40.00 ,2361,https://101vape.com/voopoo-too-kit-80w-180w-tc-tcr-black-turquoise.html
VooPoo UFORCE (Too Kit) Replacement Coil Heads (5 Pack),$13.99 ,2388,https://101vape.com/voopoo-uforce-too-kit-replacement-coil-heads-5-pack.html
DRAG 157W TC TCR Box Mod by VooPoo - PURPLE JADE,$44.99 ,2305,https://101vape.com/drag-157w-tc-tcr-box-mod-by-voopoo-purple-jade.html
DRAG Black Resin 157W TC TCR Box Mod by VooPoo - TURQUOISE 401,$47.99 ,2096,https://101vape.com/drag-black-resin-157w-tc-tcr-box-mod-by-voopoo-turquoise-401.html
DRAG Black Resin 157W TC TCR Box Mod by VooPoo - RAINBOW 403,$47.99 ,2094,https://101vape.com/drag-black-resin-157w-tc-tcr-box-mod-by-voopoo-rainbow-403.html
DRAG 157W TC TCR Box Mod by VooPoo - JADE,$44.99 ,2071,https://101vape.com/drag-157w-tc-tcr-box-mod-by-voopoo-jade.html
DRAG 157W TC TCR Box Mod by VooPoo - TURQUOISE,$44.99 ,2149,https://101vape.com/drag-157w-tc-tcr-box-mod-by-voopoo-turquoise.html
GT Laser 255X LED 3500mAh 150W Box Mod by XOMO - STAINLESS STEEL,$43.00 ,2238,https://101vape.com/gt-laser-255x-led-3500mah-150w-box-mod-by-xomo-stainless-steel.html
DRAG Black Resin 157W TC TCR Box Mod by VooPoo - JADE 405,$47.99 ,2092,https://101vape.com/drag-black-resin-157w-tc-tcr-box-mod-by-voopoo-jade-405.html
GT Laser 255X LED 3500mAh 150W Box Mod by XOMO - RED,$43.00 ,2236,https://101vape.com/gt-laser-255x-led-3500mah-150w-box-mod-by-xomo-red.html
GT Laser 255X LED 3500mAh 150W Box Mod by XOMO - BLUE,$43.00 ,2235,https://101vape.com/gt-laser-255x-led-3500mah-150w-box-mod-by-xomo-blue.html
VooPoo -Too Kit - 80W/180W TC TCR - BLACK DAZZLE,$40.00 ,2358,https://101vape.com/voopoo-too-kit-80w-180w-tc-tcr-black-dazzle.html
DRAG Black Resin 157W TC TCR Box Mod by VooPoo - AZURE 404,$47.99 ,2093,https://101vape.com/drag-black-resin-157w-tc-tcr-box-mod-by-voopoo-azure-404.html
GT Laser 255X LED 3500mAh 150W Box Mod by XOMO - YELLOW,$43.00 ,2234,https://101vape.com/gt-laser-255x-led-3500mah-150w-box-mod-by-xomo-yellow.html
DRAG Black Resin 157W TC TCR Box Mod by VooPoo - PURPLE JADE 402,$47.99 ,2095,https://101vape.com/drag-black-resin-157w-tc-tcr-box-mod-by-voopoo-purple-jade-402.html
Ignition RDA (Ceramic Limited Edition) by Congrevape - ROSE GOLD,$19.99 ,1897,https://101vape.com/ignition-rda-ceramic-limited-edition-by-congrevape-rose-gold.html
Island Squeeze - I Love Salts by Mad Hatter Juice - Salt Nic Vape Juice - 30mL,$19.99 ,MADHISSQ,https://101vape.com/salt-nic-island-squeeze-mad-hatter-juice.html
Jon Wayne JW by Uncle Junks Genius E-Liquid - 30mL,$19.99 ,1511,https://101vape.com/jon-wayne-jw-by-uncle-junks-genius-e-liquid-30ml.html
FRYD Cookies n' Cream Premium E-Liquid - 60mL,$29.99 ,1269,https://101vape.com/fryd-cookies-n-cream-premium-e-liquid-60ml.html
Ram BF Squonker Box Mod by Stentorian - ADVANCED GRAY,$30.00 ,2049,https://101vape.com/ram-bf-squonker-box-mod-by-stentorian-advanced-gray.html
Blood Orange Banana Gooseberry - Pachamama - Charlie's Chalk Dust - 60mL,$19.99 ,PACHBLOR,https://101vape.com/blood-orange-banana-gooseberry-pachamama-charlies-chalk-dust-60ml.html
Passion Fruit Raspberry Yuzu - Pachamama - Charlie's Chalk Dust - 60mL,$19.99 ,PACHPFRY,https://101vape.com/passion-fruit-raspberry-yuzu-pachamama-charlies-chalk-dust-60ml.html
King Bellman - Black Label by Charlie's Chalk Dust - 60mL,$19.99 ,2543,https://101vape.com/king-bellman-black-label-by-charlie-s-chalk-dust-60ml.html
Ram BF Squonker Box Mod by Stentorian - BLUE,$39.99 ,2108,https://101vape.com/ram-bf-squonker-box-mod-by-stentorian-blue.html
Donut Cappuccino - The Creator of Flavor by Charlie's Chalk Dust - 100mL,$21.99 ,2541,https://101vape.com/donut-cappuccino-the-creator-of-flavor-by-charlie-s-chalk-dust-100ml.html
Iced Reds Apple E-Juice by 7 Daze - 60mL,$19.99 ,1682,https://101vape.com/iced-reds-apple-e-juice-by-7-daze-60ml.html
Black Ice - White Label by Charlie's Chalk Dust - 60mL,$19.99 ,2542,https://101vape.com/black-ice-white-label-by-charlie-s-chalk-dust-60ml.html
"Stumps ""B"" by Charlie's Chalk Dust - 100mL",$21.99 ,2340,https://101vape.com/stumps-b-by-charlie-s-chalk-dust-100ml.html
Stumps Don by Charlie's Chalk Dust - 100mL,$21.99 ,2341,https://101vape.com/stumps-don-by-charlie-s-chalk-dust-100ml.html
Reds Apple E-Juice by 7 Daze - 60mL,$19.99 ,1681,https://101vape.com/reds-apple-e-juice-by-7-daze-60ml.html
Guava Pear Cobbler - The Creator of Flavor by Charlie's Chalk Dust - 100mL,$21.99 ,2540,https://101vape.com/guava-pear-cobbler-the-creator-of-flavor-by-charlie-s-chalk-dust-100ml.html
Ram BF Squonker Box Mod by Stentorian - STARRY VIOLET,$30.00 ,2047,https://101vape.com/ram-bf-squonker-box-mod-by-stentorian-starry-violet.html
Stumps Pops by Charlie's Chalk Dust - 100mL,$21.99 ,2339,https://101vape.com/stumps-pops-by-charlie-s-chalk-dust-100ml.html
Big Berry (Big Belly Jelly) by Charlie's Chalk Dust - 60mL,$19.99 ,1578,https://101vape.com/big-berry-big-belly-jelly-by-charlie-s-chalk-dust-60ml.html
Wonder Worm by Charlie's Chalk Dust - 60mL,$19.99 ,1577,https://101vape.com/wonder-worm-by-charlie-s-chalk-dust-60ml.html
Stumps Rhino by Charlie's Chalk Dust - 100mL,$21.99 ,2338,https://101vape.com/stumps-rhino-by-charlie-s-chalk-dust-100ml.html
Slamberry by Charlie's Chalk Dust - 60mL,$19.99 ,1573,https://101vape.com/slamberry-by-charlie-s-chalk-dust-60ml.html
Jam Rock by Charlie's Chalk Dust - 60mL,$19.99 ,1575,https://101vape.com/jam-rock-by-charlie-s-chalk-dust-60ml.html
Mustache Milk by Charlie's Chalk Dust - 60mL,$19.99 ,1576,https://101vape.com/mustache-milk-by-charlie-s-chalk-dust-60ml.html
Pacific Passion - I Love Salts by Mad Hatter Juice - Salt Nic Vape Juice - 30mL,$19.99 ,MADHPAPA,https://101vape.com/salt-nic-pacific-passion-mad-hatter.html
Luau Lemonade - I Love Salts by Mad Hatter Juice - Salt Nic Vape Juice - 30mL,$19.99 ,MADHLULE,https://101vape.com/salt-nic-luau-lemonade-mad-hatter-juice.html
Sweet Dream (Dream Cream) by Charlie's Chalk Dust - 60mL,$19.99 ,1574,https://101vape.com/sweet-dream-dream-cream-by-charlie-s-chalk-dust-60ml.html
Tropical Mango - I Love Salts by Mad Hatter Juice - Salt Nic Vape Juice - 30mL,$19.99 ,MADHTRMA,https://101vape.com/salt-nic-tropical-mango-mad-hatter-juice.html
Grappleberry - I Love Salts by Mad Hatter Juice - 30mL,$19.99 ,2535,https://101vape.com/grappleberry-i-love-salts-by-mad-hatter-juice-30ml.html
Headbangin Boogie by Charlie's Chalk Dust - 60mL,$19.99 ,1572,https://101vape.com/headbangin-boogie-by-charlie-s-chalk-dust-60ml.html
Strawberry Candy - I Love Salts by Mad Hatter Juice - 30mL,$19.99 ,2533,https://101vape.com/strawberry-candy-i-love-salts-by-mad-hatter-juice-30ml.html
120 Strawberry Pop by Mad Hatter Juice - 120mL,$29.99 ,2635,https://101vape.com/120-strawberry-pop-by-mad-hatter-juice-120ml.html
Spearmint Gum - I Love Salts by Mad Hatter Juice - 30mL,$19.99 ,2534,https://101vape.com/spearmint-gum-i-love-salts-by-mad-hatter-juice-30ml.html
Sweet Tobacco - I Love Salts by Mad Hatter Juice - 30mL,$19.99 ,2532,https://101vape.com/sweet-tobacco-i-love-salts-by-mad-hatter-juice-30ml.html
Blue Raspberry - I Love Salts by Mad Hatter Juice - Salt Nic Vape Juice - 30mL,$19.99 ,MADHBLRA,https://101vape.com/salt-nic-blue-raspberry-mad-hatter-juice.html
120 Cereal Pop Gourmet E-Liquid by Mad Hatter Juice - 60mL,$19.99 ,2321,https://101vape.com/120-cereal-pop-gourmet-e-liquid-by-mad-hatter-juice-60ml.html
120 Cream Pop by Mad Hatter Juice - 60mL,$19.99 ,2320,https://101vape.com/120-cream-pop-by-mad-hatter-juice-60ml.html
I Love Candy Watermelon by Mad Hatter Juice - 60mL,$19.99 ,2057,https://101vape.com/i-love-candy-watermelon-by-mad-hatter-juice-60ml.html
Strawberry Ice - I Love Salts by Mad Hatter Juice - Salt Nic Vape Juice - 30mL,$19.99 ,MADHSTIC,https://101vape.com/salt-nic-strawberry-ice-mad-hatter-juice.html
I Love Cookies Too by Mad Hatter Juice - 60mL,$19.99 ,2055,https://101vape.com/i-love-cookies-too-by-mad-hatter-juice-60ml.html
I Love Candy Blue Raspberry by Mad Hatter Juice - 60mL,$19.99 ,2059,https://101vape.com/i-love-candy-blue-raspberry-by-mad-hatter-juice-60ml.html
I Love Donuts Too by Mad Hatter Juice - 60mL,$19.99 ,2054,https://101vape.com/i-love-donuts-too-by-mad-hatter-juice-60ml.html
I Love Candy Rainbow by Mad Hatter Juice - 60mL,$19.99 ,2058,https://101vape.com/i-love-candy-rainbow-by-mad-hatter-juice-60ml.html
I Love Taffy Too by Mad Hatter Juice - 60mL,$19.99 ,2056,https://101vape.com/i-love-taffy-too-by-mad-hatter-juice-60ml.html
120 Cereal Pop Gourmet E-Liquid by Mad Hatter Juice - 120mL,$29.99 ,2053,https://101vape.com/120-cereal-pop-gourmet-e-liquid-by-mad-hatter-juice-120ml.html
FRYD Banana Premium E-Liquid - 60mL,$29.99 ,1268,https://101vape.com/fryd-banana-premium-e-liquid-60ml.html
I Love Popcorn by Mad Hatter Juice - 60mL,$19.99 ,1320,https://101vape.com/i-love-popcorn-by-mad-hatter-juice-60ml.html
120 Cream Pop by Mad Hatter Juice - 120mL,$29.99 ,1321,https://101vape.com/120-cream-pop-by-mad-hatter-juice-120ml.html
Fruit Cereal - I Love Salts by Mad Hatter Juice - 30mL,$19.99 ,2536,https://101vape.com/fruit-cereal-i-love-salts-by-mad-hatter-juice-30ml.html
Slotter Pop OGB MAX VG by Lost Art Liquids - 60mL,$19.99 ,2444,https://101vape.com/slotter-pop-ogb-max-vg-by-lost-art-liquids-60ml.html
Advken - Manta MTL RTA - 24mm 2mL Rebuildable Tank,$14.00 ,2819,https://101vape.com/advken-manta-mtl-rta-24mm-2ml-rebuildable-tank.html
Slotter Pop OGB by Lost Art Liquids - 60mL,$19.99 ,1731,https://101vape.com/slotter-pop-ogb-by-lost-art-liquids-60ml.html
Artha RDA (Includes Optional Squonk Pin) by Advken - BLACK,$15.00 ,2349,https://101vape.com/artha-rda-includes-optional-squonk-pin-by-advken-black.html
Artha RDA (Includes Optional Squonk Pin) by Advken - ULTEM PEI,$15.00 ,2348,https://101vape.com/artha-rda-includes-optional-squonk-pin-by-advken-ultem-pei.html
Space Rockz by Lost Art Liquids - 60mL,$19.99 ,1728,https://101vape.com/space-rockz-by-lost-art-liquids-60ml.html
Slotter Pop by Lost Art Liquids - 60mL,$19.99 ,1729,https://101vape.com/slotter-pop-by-lost-art-liquids-60ml.html
GTRS - Vboy 222W Mod - SX520 TC TCR - SILVER,$74.99 ,2485,https://101vape.com/gtrs-vboy-222w-mod-sx520-tc-tcr-silver.html
GTRS - Vboy 222W Mod - SX520 TC TCR - BLACK,$74.99 ,2484,https://101vape.com/gtrs-vboy-222w-mod-sx520-tc-tcr-black.html
Slotter Pop The Grape White by Lost Art Liquids - 60mL,$19.99 ,1730,https://101vape.com/slotter-pop-the-grape-white-by-lost-art-liquids-60ml.html
GTRS - Vboy 222W Mod - SX520 TC TCR - RED,$74.99 ,2483,https://101vape.com/gtrs-vboy-222w-mod-sx520-tc-tcr-red.html
GTRS - Vboy 222W Mod - SX520 TC TCR - BLUE,$74.99 ,2482,https://101vape.com/gtrs-vboy-222w-mod-sx520-tc-tcr-blue.html
SANYO 20700 NCR20700B 15A 4250mAh High Drain Battery (each),$9.99 ,2091,https://101vape.com/sanyo-20700-ncr20700b-15a-4250mah-high-drain-battery-each.html
GTRS - Vboy 222W Mod - SX520 TC TCR - ROSE GOLD,$74.99 ,2481,https://101vape.com/gtrs-vboy-222w-mod-sx520-tc-tcr-rose-gold.html
GTRS - Vboy 222W Mod - SX520 TC TCR - GOLD,$74.99 ,2480,https://101vape.com/gtrs-vboy-222w-mod-sx520-tc-tcr-gold.html
VBoy SX500 200W TC TCR Box Mod by GTRS - LIGHT BLUE,$70.00 ,2104,https://101vape.com/vboy-sx500-200w-tc-tcr-box-mod-by-gtrs-light-blue.html
Unicorn Puke by Lost Art Liquids - 60mL,$19.99 ,1727,https://101vape.com/unicorn-puke-by-lost-art-liquids-60ml.html
Samsung INR 18650 25R5 Green Battery (pair),$11.99 ,655,https://101vape.com/samsung-inr-18650-25r5-green-battery-pair.html
Samsung Pink INR18650-30Q 3000mah 18650 battery (pair),$13.99 ,706,https://101vape.com/samsung-pink-inr18650-30q-3000mah-18650-battery-pair.html
Uwell - Fancier RTA / RDA - 24mm - PURPLE,$18.00 ,2714,https://101vape.com/uwell-fancier-rta-rda-24mm-purple.html
Uwell - Fancier RTA / RDA - 24mm - GOLD,$18.00 ,2713,https://101vape.com/uwell-fancier-rta-rda-24mm-gold.html
Uwell - Nunchaku Starter Kit - 80W TC - STAINLESS STEEL,$45.00 ,2644,https://101vape.com/uwell-nunchaku-starter-kit-80w-tc-stainless-steel.html
Uwell - Nunchaku Starter Kit - 80W TC - FULL BLACK,$45.00 ,2643,https://101vape.com/uwell-nunchaku-starter-kit-80w-tc-full-black.html
Uwell - Nunchaku Starter Kit - 80W TC - SAPPHIRE BLUE,$45.00 ,2599,https://101vape.com/uwell-nunchaku-starter-kit-80w-tc-sapphire-blue.html
Uwell - Nunchaku Starter Kit - 80W TC - PURPLE,$45.00 ,2600,https://101vape.com/uwell-nunchaku-starter-kit-80w-tc-purple.html
Uwell - Nunchaku Starter Kit - 80W TC - BLACK GOLD,$45.00 ,2642,https://101vape.com/uwell-nunchaku-starter-kit-80w-tc-black-gold.html
Uwell - Nunchaku Subohm Tank - 25mm 5mL - STAINLESS STEEL,$14.00 ,2591,https://101vape.com/uwell-nunchaku-subohm-tank-25mm-5ml-stainless-steel.html
Uwell - Nunchaku Subohm Tank - 25mm 5mL - BLACK GOLD,$14.00 ,2590,https://101vape.com/uwell-nunchaku-subohm-tank-25mm-5ml-black-gold.html
Uwell - Nunchaku Subohm Tank - 25mm 5mL - SAPPHIRE BLUE,$14.00 ,2587,https://101vape.com/uwell-nunchaku-subohm-tank-25mm-5ml-sapphire-blue.html
Uwell - Nunchaku Subohm Tank - 25mm 5mL - PURPLE,$14.00 ,2588,https://101vape.com/uwell-nunchaku-subohm-tank-25mm-5ml-purple.html
Uwell - Nunchaku Replacement Coil Heads (4 Pack),$9.99 ,2585,https://101vape.com/uwell-nunchaku-replacement-coil-heads-4-pack.html
Uwell - Nunchaku Subohm Tank - 25mm 5mL - IRIDESCENT,$14.00 ,2592,https://101vape.com/uwell-nunchaku-subohm-tank-25mm-5ml-iridescent.html
Uwell - Nunchaku Subohm Tank - 25mm 5mL - FULL BLACK,$14.00 ,2589,https://101vape.com/uwell-nunchaku-subohm-tank-25mm-5ml-full-black.html
Uwell - Nunchaku Subohm Tank - 25mm 5mL - METALLIC GREEN,$14.00 ,2586,https://101vape.com/uwell-nunchaku-subohm-tank-25mm-5ml-metallic-green.html
Crown 3 Mini Subohm Tank by Uwell - PURPLE,$21.99 ,1926,https://101vape.com/crown-3-mini-subohm-tank-by-uwell-purple.html
Crown 3 Subohm Tank by Uwell - BLACK,$28.99 ,1764,https://101vape.com/crown-3-subohm-tank-by-uwell-black.html
Crown 3 Mini Subohm Tank by Uwell - STAINLESS STEEL,$14.99 ,1929,https://101vape.com/crown-3-mini-subohm-tank-by-uwell-stainless-steel.html
Crown 3 Subohm Tank by Uwell - MATTE BLACK,$28.99 ,1741,https://101vape.com/crown-3-subohm-tank-by-uwell-matte-black.html
Uwell Rafale Parallel Replacement Coils- 4 Pack,$12.99 ,928,https://101vape.com/uwell-rafale-parallel-replacement-coils-4-pack.html
Crown 3 Subohm Tank by Uwell - IRIDESCENT,$28.99 ,1740,https://101vape.com/crown-3-subohm-tank-by-uwell-iridescent.html
Uwell Crown 3 Replacement Coil Heads (4 Pack),$14.99 ,1738,https://101vape.com/uwell-crown-3-replacement-coil-heads-4-pack.html
Crown 3 Subohm Tank by Uwell - STAINLESS STEEL,$27.99 ,1765,https://101vape.com/crown-3-subohm-tank-by-uwell-stainless-steel.html
Uwell Crown II (2) Replacement Coil Heads (4 Pack),$9.99 ,1270,https://101vape.com/uwell-crown-ii-2-replacement-coil-heads-4-pack.html
Teslacigs - Replacement Pods for TPOD Starter Kit (5 Pack),$19.99 ,TESLREPO,https://101vape.com/teslacigs-replacement-pods-for-tpod-starter-kit-5-pack.html
Teslacigs - TPOD - Pod System Starter Kit - 500mAh 2mL,$20.00 ,TESLTPOD,https://101vape.com/teslacigs-tpod-pod-system-starter-kit-500mah-2ml.html
Vandy Vape - Kylin Mini RTA - 24.4mm - GOLD,$18.00 ,2496,https://101vape.com/vandy-vape-kylin-mini-rta-24-4mm-gold.html
Vandy Vape - Phobia RDA - 24mm BF Compatible - 7 COLOR,$15.00 ,2479,https://101vape.com/vandy-vape-phobia-rda-24mm-bf-compatible-7-color.html
Vandy Vape - Kylin Mini RTA - 24.4mm - STAINLESS STEEL,$18.00 ,2498,https://101vape.com/vandy-vape-kylin-mini-rta-24-4mm-stainless-steel.html
Vandy Vape - Tool Kit Pro - RDA RTA Building Supplies,$14.99 ,2494,https://101vape.com/vandy-vape-tool-kit-pro-rda-rta-building-supplies.html
Vandy Vape - Phobia RDA - 24mm BF Compatible - STAINLESS STEEL,$15.00 ,2478,https://101vape.com/vandy-vape-phobia-rda-24mm-bf-compatible-stainless-steel.html
Vandy Vape - Refill Bottle - BF Squonking Accessory,$8.99 ,2474,https://101vape.com/vandy-vape-refill-bottle-bf-squonking-accessory.html
Vandy Vape - Kylin Mini RTA - 24.4mm - MATTE BLACK,$18.00 ,2497,https://101vape.com/vandy-vape-kylin-mini-rta-24-4mm-matte-black.html
Vandy Vape - Phobia RDA - 24mm BF Compatible - MATTE BLACK,$15.00 ,2477,https://101vape.com/vandy-vape-phobia-rda-24mm-bf-compatible-matte-black.html
Vandy Vape - Maze Sub Ohm BF RDA - 24mm - RAINBOW,$19.99 ,2459,https://101vape.com/vandy-vape-maze-sub-ohm-bf-rda-24mm-rainbow.html
Sony VTC5A 18650 2600mAh 25A High Drain Battery (Pair),$16.99 ,1882,https://101vape.com/sony-vtc5a-18650-2600mah-25a-high-drain-battery-pair.html
"Sony VTC4 2000mah 18650 battery- pair		",$8.99 ,880,https://101vape.com/sony-vtc4-2000mah-18650-battery-pair.html
Arco II Flax Paper Subohm Tank by HorizonTech - STAINLESS STEEL,$29.99 ,2187,https://101vape.com/arco-ii-flax-paper-subohm-tank-by-horizontech-stainless-steel.html
Vandy Vape - Maze Sub Ohm BF RDA - 24mm - STAINLESS STEEL,$19.99 ,2458,https://101vape.com/vandy-vape-maze-sub-ohm-bf-rda-24mm-stainless-steel.html
Arco II Flax Paper Subohm Tank by HorizonTech - GREEN,$29.99 ,2183,https://101vape.com/arco-ii-flax-paper-subohm-tank-by-horizontech-green.html
Arco II Flax Paper Subohm Tank by HorizonTech - BLACK,$29.99 ,2186,https://101vape.com/arco-ii-flax-paper-subohm-tank-by-horizontech-black.html
Vandy Vape - Phobia RDA - 24mm BF Compatible - GOLD,$15.00 ,2476,https://101vape.com/vandy-vape-phobia-rda-24mm-bf-compatible-gold.html
Vandy Vape - Maze Sub Ohm BF RDA - 24mm - GOLD,$19.99 ,2456,https://101vape.com/vandy-vape-maze-sub-ohm-bf-rda-24mm-gold.html
Vandy Vape - Maze Sub Ohm BF RDA - 24mm - MATTE BLACK,$19.99 ,2457,https://101vape.com/vandy-vape-maze-sub-ohm-bf-rda-24mm-matte-black.html
Replacement Coils for Maze BF RDA by Vandy Vape (3 Pack),$7.99 ,2455,https://101vape.com/replacement-coils-for-maze-bf-rda-by-vandy-vape-3-pack.html
Replacement Panels for Pulse BF Mod by Vandy Vape,$2.00 ,2422,https://101vape.com/replacement-panels-for-pulse-bf-mod-by-vandy-vape.html
Iconic RDA (Includes Optional Squonk Pin) by Vandy Vape - GOLD,$15.00 ,2416,https://101vape.com/iconic-rda-includes-optional-squonk-pin-by-vandy-vape-gold.html
Iconic RDA (Includes Optional Squonk Pin) by Vandy Vape - STAINLESS STEEL,$15.00 ,2418,https://101vape.com/iconic-rda-includes-optional-squonk-pin-by-vandy-vape-stainless-steel.html
Iconic RDA (Includes Optional Squonk Pin) by Vandy Vape - RAINBOW,$15.00 ,2419,https://101vape.com/iconic-rda-includes-optional-squonk-pin-by-vandy-vape-rainbow.html
Bonza RDA (Includes Optional Squonk Pin) by Vandy Vape - RAINBOW,$15.00 ,2283,https://101vape.com/bonza-rda-includes-optional-squonk-pin-by-vandy-vape-rainbow.html
Berserker Mini MTL RTA by Vandy Vape - RAINBOW,$20.00 ,2353,https://101vape.com/berserker-mini-mtl-rta-by-vandy-vape-rainbow.html
Berserker Mini MTL RTA by Vandy Vape - GOLD,$20.00 ,2350,https://101vape.com/berserker-mini-mtl-rta-by-vandy-vape-gold.html
Bonza RDA (Includes Optional Squonk Pin) by Vandy Vape - STAINLESS STEEL,$15.00 ,2282,https://101vape.com/bonza-rda-includes-optional-squonk-pin-by-vandy-vape-stainless-steel.html
Kensei 24 RTA by Vandy Vape - MATTE BLACK,$34.99 ,2277,https://101vape.com/kensei-24-rta-by-vandy-vape-matte-black.html
Kensei 24 RTA by Vandy Vape - STAINLESS STEEL,$34.99 ,2278,https://101vape.com/kensei-24-rta-by-vandy-vape-stainless-steel.html
Kensei 24 RTA by Vandy Vape - RAINBOW,$34.99 ,2279,https://101vape.com/kensei-24-rta-by-vandy-vape-rainbow.html
Pulse 24 BF RDA (with Squonk Pin) by Vandy Vape - 7 COLOR RAINBOW,$15.00 ,1985,https://101vape.com/pulse-24-bf-rda-with-squonk-pin-by-vandy-vape-7-color-rainbow.html
Kensei 24 RTA by Vandy Vape - GOLD,$34.99 ,2275,https://101vape.com/kensei-24-rta-by-vandy-vape-gold.html
Kensei 24 RTA by Vandy Vape - BLUE,$34.99 ,2276,https://101vape.com/kensei-24-rta-by-vandy-vape-blue.html
Pulse 24 BF RDA (with Squonk Pin) by Vandy Vape - GOLD,$15.00 ,1982,https://101vape.com/pulse-24-bf-rda-with-squonk-pin-by-vandy-vape-gold.html
Pulse 24 BF RDA (with Squonk Pin) by Vandy Vape - STAINLESS STEEL,$15.00 ,1983,https://101vape.com/pulse-24-bf-rda-with-squonk-pin-by-vandy-vape-stainless-steel.html
Funnel Cake by Lawless E-Liquid - 60mL,$9.99 ,1325,https://101vape.com/funnel-cake-by-lawless-e-liquid-60ml.html
Deep Fried Cookies by Lawless E-Liquid - 60mL,$9.99 ,1324,https://101vape.com/deep-fried-cookies-by-lawless-e-liquid-60ml.html
Ghoul BF RDA by Blitz Enterprises - 22mm - STAINLESS STEEL,$12.00 ,2431,https://101vape.com/ghoul-bf-rda-by-blitz-enterprises-22mm-stainless-steel.html
Vaporesso - Replacement OC Coils - Orca Solo Starter Kit (5 Pack),$9.99 ,VAPOREPL,https://101vape.com/vaporesso-replacement-oc-coils-orca-solo-starter-kit-5-pack.html
SMOK TFV12 Cloud Beast King Resin Expansion Kit by Blitz Enterprises,$3.00 ,2330,https://101vape.com/smok-tfv12-cloud-beast-king-resin-expansion-kit-by-blitz-enterprises.html
Vaporesso - Polar Kit - 220W TC TCR,$40.00 ,VAPOPOLK,https://101vape.com/vaporesso-polar-kit-220w-tc-tcr.html
Coil Master - DIY Kit Mini V2 - Building Toolkit,$18.99 ,2844,https://101vape.com/coil-master-diy-kit-mini-v2-building-toolkit.html
Vaporesso - Orca Solo All-in-One Starter Kit - 800mAh 1.5mL,$10.00 ,VAPOORCA,https://101vape.com/vaporesso-orca-solo-all-in-one-starter-kit-800mah-1-5ml.html
SMOK Vape Pen 22 Replacement Coil Heads (5 Pack),$14.99 ,1743,https://101vape.com/smok-vape-pen-22-replacement-coil-heads-5-pack.html
Alien 220W TC Starter Kit by SMOK - FULL COLOR,$66.99 ,1760,https://101vape.com/alien-220w-tc-starter-kit-by-smok-full-color.html
SMOK TFV12 Prince Resin Expansion Kit by Blitz Enterprises,$3.00 ,2331,https://101vape.com/smok-tfv12-prince-resin-expansion-kit-by-blitz-enterprises.html
Vape Pen 22 1650mAh All-in-One Starter Kit by SMOK,$17.99 ,1704,https://101vape.com/vape-pen-22-1650mah-all-in-one-starter-kit-by-smok.html
QBOX 1600mAh 50W TC Starter Kit by SMOK - GOLD,$39.99 ,1719,https://101vape.com/qbox-1600mah-50w-tc-starter-kit-by-smok-gold.html
Sinuous SW 3000mAh 50W Battery Mod by Wismec - BLACK,$14.99 ,2085,https://101vape.com/sinuous-sw-3000mah-50w-battery-mod-by-wismec-black.html
Coil Master - DIY Kit V3 - Complete Building Toolkit,$39.99 ,2468,https://101vape.com/coil-master-diy-kit-v3-complete-building-toolkit.html
Coil Master - Coiling Kit V4 - Adjustable Coil Jig,$10.99 ,2467,https://101vape.com/coil-master-coiling-kit-v4-adjustable-coil-jig.html
TFV12 Cloud Beast King Subohm Tank by SMOK - 7 COLOR RAINBOW,$29.99 ,1657,https://101vape.com/tfv12-cloud-beast-king-subohm-tank-by-smok-7-color-rainbow.html
SMOK TFV12 Cloud Beast King Replacement Coil Heads (3 Pack),$14.99 ,1656,https://101vape.com/smok-tfv12-cloud-beast-king-replacement-coil-heads-3-pack.html
TFV8 Cloud Beast Subohm Tank by SMOK - STAINLESS STEEL,$28.99 ,1256,https://101vape.com/tfv8-cloud-beast-subohm-tank-by-smok-stainless-steel.html
Smok TFV4/ TFV4 Mini Replacement Coils 5 pack,$19.99 ,877,https://101vape.com/smok-tfv4-tfv4-mini-replacement-coils-5-pack.html
Smok RBA Kit for TFV4/TFV4 Mini ,$7.49 ,876,https://101vape.com/smok-rba-kit-for-tfv4-tfv4-mini.html
SMOK TFV8 Cloud Beast Replacement Coil Heads (3 Pack),$14.99 ,1255,https://101vape.com/smok-tfv8-cloud-beast-replacement-coil-heads-3-pack.html
Coil Master - KBAG Mini - Carrying Case,$9.99 ,2465,https://101vape.com/coil-master-kbag-mini-carrying-case.html
TFV8 Cloud Beast Subohm Tank by SMOK - 7 COLOR RAINBOW,$29.99 ,1669,https://101vape.com/tfv8-cloud-beast-subohm-tank-by-smok-7-color-rainbow.html
Coil Master - Ready Box - Clapton Coils and Cotton,$6.99 ,2466,https://101vape.com/coil-master-ready-box-clapton-coils-and-cotton.html
TFV12 Cloud Beast King Subohm Tank by SMOK - BLACK,$29.99 ,1658,https://101vape.com/tfv12-cloud-beast-king-subohm-tank-by-smok-black.html
Alien 220W TC Starter Kit by SMOK - BLUE,$64.99 ,1610,https://101vape.com/alien-220w-tc-starter-kit-by-smok-blue.html
Coil Master - Vape Brush - DIY Tool and Coil Jig,$4.99 ,2462,https://101vape.com/coil-master-vape-brush-diy-tool-and-coil-jig.html
"SMOK - Replacement Coils - TFV8 Baby Beast, Big Baby, TFV12 Baby Prince (5 Pack)",$14.99 ,1407,https://101vape.com/smok-replacement-coils-tfv8-baby-beast-big-baby-tfv12-baby-prince-5-pack.html
Alien 220W TC Starter Kit by SMOK - ACID BLUE,$64.99 ,1542,https://101vape.com/alien-220w-tc-starter-kit-by-smok-acid-blue.html
Coil Master - 521 Mini Tab V2 - Ohms Meter Build Station,$15.99 ,2461,https://101vape.com/coil-master-521-mini-tab-v2-ohms-meter-build-station.html
Predator 228W TC TCR Starter Kit by Wismec & Sinuous Designs - WHITE,$44.99 ,1685,https://101vape.com/predator-228w-tc-tcr-starter-kit-by-wismec-sinuous-designs-white.html
Coil Master - Wire Cutter - Diagonal Pliers,$5.99 ,2463,https://101vape.com/coil-master-wire-cutter-diagonal-pliers.html
Wismec Indestructible RDA by Jay Bo Designs - BLACK,$7.99 ,1021,https://101vape.com/wismec-indestructible-rda-by-jay-bo-designs-black.html
Gnome Subohm Tank by Wismec - BLACK,$19.99 ,1991,https://101vape.com/gnome-subohm-tank-by-wismec-black.html
Coil Master DIY Kit Mini,$19.99 ,2408,https://101vape.com/coil-master-diy-kit-mini.html
Revenger Mini Box Mod 2500mAh 85W TC TCR by Vaporesso - RED,$32.99 ,2272,https://101vape.com/revenger-mini-box-mod-2500mah-85w-tc-tcr-by-vaporesso-red.html
Revenger X 220W TC TCR Starter Kit by Vaporesso - RED,$48.00 ,2242,https://101vape.com/revenger-x-220w-tc-tcr-starter-kit-by-vaporesso-red.html
Revenger X 220W TC TCR Starter Kit by Vaporesso - RAINBOW,$48.00 ,2244,https://101vape.com/revenger-x-220w-tc-tcr-starter-kit-by-vaporesso-rainbow.html
Swag 80W TC TCR Starter Kit by Vaporesso - BLACK,$39.99 ,2136,https://101vape.com/swag-80w-tc-tcr-starter-kit-by-vaporesso-black.html
Vaporesso - Nexus All-in-One Starter Kit - 650mAh 2mL,$12.00 ,2727,https://101vape.com/vaporesso-nexus-all-in-one-starter-kit-650mah-2ml.html
Swag 80W TC TCR Starter Kit by Vaporesso - SILVER,$39.99 ,2137,https://101vape.com/swag-80w-tc-tcr-starter-kit-by-vaporesso-silver.html
Revenger X 220W TC TCR Starter Kit by Vaporesso - GREEN,$48.00 ,2240,https://101vape.com/revenger-x-220w-tc-tcr-starter-kit-by-vaporesso-green.html
SMOK TFV8 Cloud Beast Resin Expansion Kit by Blitz Enterprises,$3.00 ,2329,https://101vape.com/smok-tfv8-cloud-beast-resin-expansion-kit-by-blitz-enterprises.html
SMOK TFV8 Baby Beast Resin Expansion Kit by Blitz Enterprises,$3.00 ,2326,https://101vape.com/smok-tfv8-baby-beast-resin-expansion-kit-by-blitz-enterprises.html
Vaporesso Nexus Replacement Coils (5 Pack),$10.99 ,2651,https://101vape.com/vaporesso-nexus-replacement-coils-5-pack.html
SMOK TFV8 X-Baby Resin Expansion Kit by Blitz Enterprises,$3.00 ,2328,https://101vape.com/smok-tfv8-x-baby-resin-expansion-kit-by-blitz-enterprises.html
BO1 Single Battery Charger by Basen,$8.99 ,1937,https://101vape.com/bo1-single-battery-charger-by-basen.html
SMOK TFV8 Big Baby Resin Expansion Kit by Blitz Enterprises,$3.00 ,2327,https://101vape.com/smok-tfv8-big-baby-resin-expansion-kit-by-blitz-enterprises.html
Basen 18650 2900mAh 35amp battery,$7.99 ,784,https://101vape.com/basen-18650-2900mah-35amp-battery.html
Basen 18650 3500mAh 30A battery,$7.99 ,783,https://101vape.com/basen-18650-3500mah-30a-battery.html
Efest IMR26650 4200mAh 50A Battery (each) ,$8.99 ,1229,https://101vape.com/efest-imr26650-4200mah-50a-battery-each.html
LUC V6 Smart Battery Charger by Efest,$33.99 ,1045,https://101vape.com/luc-v6-smart-battery-charger-by-efest.html
Efest LUC Blu4 LCD Intelligent Charger,$34.99 ,1218,https://101vape.com/efest-luc-blu4-lcd-intelligent-charger.html
Tab Pro Ohms Meter Tester Mod by Geekvape,$29.99 ,1971,https://101vape.com/tab-pro-ohms-meter-tester-mod-by-geekvape.html
Efest IMR18650 20A 3500mAh Battery (each),$9.49 ,1029,https://101vape.com/efest-imr18650-20a-3500mah-battery-each.html
Efest H2 / L2 Battery Case (2x 18650) ,$1.19 ,883,https://101vape.com/efest-h2-l2-battery-case-2x-18650.html
"Geekvape - Aegis Legend Mod - Water, Dust, and Shock Resistant",$54.99 ,GEEKAEGL,https://101vape.com/geekvape-aegis-legend-mod-water-dust-and-shock-resistant.html
Geekvape - Aero Mesh Subohm Tank - 25mm,$19.99 ,GEEKAERO,https://101vape.com/geekvape-aero-mesh-subohm-tank-25mm.html
Efest IMR18650 40A 2600mAh Battery (each),$8.49 ,1030,https://101vape.com/efest-imr18650-40a-2600mah-battery-each.html
18650 Snap Tight Battery Case 4x18650,$2.49 ,755,https://101vape.com/18650-snap-tight-battery-case-4x18650.html
Aspire Nautilus X Replacement Atomizer Heads (5 Pack),$12.99 ,1200,https://101vape.com/aspire-nautilus-x-replacement-atomizer-heads-5-pack.html
Replacement Atomizer Heads for Aspire Cleito (5 pack),$14.99 ,1116,https://101vape.com/replacement-atomizer-heads-for-aspire-cleito-5-pack.html
Aspire Triton Mini Replacement Glass Tank,$2.99 ,1114,https://101vape.com/aspire-triton-mini-replacement-glass-tank.html
Genuine Aspire Atlantis 2 Replacement Glass Pyrex Tube,$3.99 ,688,https://101vape.com/genuine-aspire-atlantis-2-replacement-glass-pyrex-tube.html
Genuine Aspire Full Size Nautilus Replacement Tank,$5.99 ,687,https://101vape.com/genuine-aspire-full-size-nautilus-replacement-tank.html
Genuine Aspire Nautilus Mini Steel Replacement Tank,$6.99 ,685,https://101vape.com/genuine-aspire-nautilus-mini-steel-replacement-tank.html
Genuine ASPIRE Nautilus BVC replacement coils 5 pack,$12.99 ,376,https://101vape.com/genuine-aspire-nautilus-bvc-replacement-coils-5-pack.html
Genuine ASPIRE Nautilus Mini ,$23.99 ,360,https://101vape.com/genuine-aspire-nautilus-mini.html
Silicone Battery Case for single 18650,$0.99 ,620,https://101vape.com/silicone-battery-case-for-single-18650.html
Efest purple 20amp 18650 Battery - 3100 mah,$9.99 ,378,https://101vape.com/efest-purple-20amp-18650-battery-3100-mah.html
Genuine Aspire Nautilus Mini Glass Replacement tank,$4.99 ,686,https://101vape.com/genuine-aspire-nautilus-mini-glass-replacement-tank.html
Efest Purple 15amp 18500 Battery - 1000mah,$3.49 ,262,https://101vape.com/efest-purple-15amp-18500-battery-1000mah.html
Waterproof Battery Case 2x18650,$3.49 ,165,https://101vape.com/waterproof-battery-case-2x18650.html
Efest LiPo Safety Charging Bag- Big size,$8.99 ,140,https://101vape.com/efest-lipo-safety-charging-bag-big-size.html
Efest IMR14500 700mah Battery - button top,$3.35 ,136,https://101vape.com/efest-imr14500-700mah-battery-button-top.html
Efest Xsmart Charger,$7.99 ,212,https://101vape.com/efest-xsmart-charger.html
Efest IMR18490 1100mah Battery - button top,$3.75 ,50,https://101vape.com/efest-imr18490-1100mah-battery-button-top.html
Trustfire charger,$9.49 ,36,https://101vape.com/trustfire-charger.html
Battery case 2x18350,$0.99 ,34,https://101vape.com/battery-case-2x18350.html
Efest IMR18490 1100mah Battery - flat top,$3.50 ,29,https://101vape.com/efest-imr18490-1100mah-battery-flat-top.html
Efest LUC Multi-function Smart charger,$24.99 ,35,https://101vape.com/efest-luc-multi-function-smart-charger.html
Battery case 2x18650/ 4x18350,$1.29 ,33,https://101vape.com/battery-case-2x18650-4x18350.html
Eleaf - iStick Pico Baby Starter Kit - 1050mAh - BLACK,$28.99 ,2732,https://101vape.com/eleaf-istick-pico-baby-starter-kit-1050mah-black.html
Eleaf - iStick Pico Baby Starter Kit - 1050mAh - SILVER,$28.99 ,2733,https://101vape.com/eleaf-istick-pico-baby-starter-kit-1050mah-silver.html
MELO 4 EC2 Replacement Coil Heads by Eleaf (5 Pack),$8.99 ,1974,https://101vape.com/melo-4-ec2-replacement-coil-heads-by-eleaf-5-pack.html
Eleaf - iCare Mini PCC Starter Kit - 2300mAh,$9.99 ,2610,https://101vape.com/eleaf-icare-mini-pcc-starter-kit-2300mah.html
Eleaf - iStick Pico Baby Starter Kit - 1050mAh - GREEN,$28.99 ,2729,https://101vape.com/eleaf-istick-pico-baby-starter-kit-1050mah-green.html
Eleaf - iStick Pico Baby Starter Kit - 1050mAh - RED,$28.99 ,2731,https://101vape.com/eleaf-istick-pico-baby-starter-kit-1050mah-red.html
Eleaf - iStick Pico Baby Starter Kit - 1050mAh - BLUE,$28.99 ,2730,https://101vape.com/eleaf-istick-pico-baby-starter-kit-1050mah-blue.html
Eleaf - iStick Pico Baby Starter Kit - 1050mAh - PURPLE,$28.99 ,2728,https://101vape.com/eleaf-istick-pico-baby-starter-kit-1050mah-purple.html
Eleaf iCare Replacement Coils (5 Pack),$7.99 ,1474,https://101vape.com/eleaf-icare-replacement-coils-5-pack.html
Eleaf EC Head Replacement Coils for Melo III Pico Tank & iJust 2 (5 pack),$11.99 ,756,https://101vape.com/eleaf-ec-head-replacement-coils-for-melo-iii-pico-tank-ijust-2-5-pack.html
iStick Pico w/ MELO III Mini Tank Starter Kit by Eleaf,$37.99 ,1035,https://101vape.com/istick-pico-w-melo-iii-mini-tank-starter-kit-by-eleaf.html
GS Air Replacement Atomizer Coil Heads by Eleaf (5 Pack),$7.99 ,976,https://101vape.com/gs-air-replacement-atomizer-coil-heads-by-eleaf-5-pack.html
Eleaf EC TC Ni Replacement Coils for Melo 3 and iJust 2 (5 Pack),$11.99 ,689,https://101vape.com/eleaf-ec-tc-ni-replacement-coils-for-melo-3-and-ijust-2-5-pack.html
Replacement Glass Tube for Melo III Tanks,$1.99 ,1091,https://101vape.com/replacement-glass-tube-for-melo-iii-tanks.html
LG HB6 1500mAh 30A 18650 Battery (Pair),$8.99 ,1100,https://101vape.com/lg-hb6-1500mah-30a-18650-battery-pair.html
LG HD2C 18650 2100mAh 20A Battery (Pair),$8.99 ,1273,https://101vape.com/lg-hd2c-18650-2100mah-20a-battery-pair.html
MVOCC Replacement Coil Heads for UD YouDe Balrog (5 Pcs),$8.99 ,968,https://101vape.com/mvocc-replacement-coil-heads-for-ud-youde-balrog-5-pcs.html
IJOY - Avenger 270 Kit (with batteries) - LED Voice Control,$50.00 ,2837,https://101vape.com/ijoy-avenger-270-kit-with-batteries-led-voice-control.html
Goliath V2 ROCC Replacement Heads 5 pack,$14.99 ,764,https://101vape.com/goliath-v2-rocc-replacement-heads-5-pack.html
IJOY - Saber 100 Starter Kit - 100W,$40.00 ,IJOYSABE,https://101vape.com/ijoy-saber-100-starter-kit-100w.html
IJOY - Avenger 270 Kit - LED Voice Control - 234W TC TCR,$40.00 ,2838,https://101vape.com/ijoy-avenger-270-kit-led-voice-control-234w-tc-tcr.html
Kanger TOPTANK Mini Replacement Glass Tube,$2.99 ,1500,https://101vape.com/kanger-toptank-mini-replacement-glass-tube.html
Kanger OCC Replacement Heads for Subtank,$14.99 ,713,https://101vape.com/kanger-occ-replacement-heads-for-subtank-1.html
Kangertech Ceramic Replacement Coil Heads (5 pack),$15.99 ,1080,https://101vape.com/kangertech-ceramic-replacement-coil-heads-5-pack.html
"SSOCC Replacement Coil Heads for Subtank, Toptank, and Subvod by Kangertech",$14.99 ,982,https://101vape.com/ssocc-replacement-coil-heads-for-subtank-toptank-and-subvod-by-kangertech.html
Aspire - Breeze 2 Starter Kit - 1000mAh 3mL All-in-One,$24.99 ,ASPIBREE,https://101vape.com/aspire-breeze-2-starter-kit-1000mah-3ml-all-in-one.html
Aspire - Replacement Coils - Breeze 2 (5 Pack),$8.99 ,ASPIRCB2,https://101vape.com/aspire-breeze-2-replacement-coils.html
Kanger NI 200 OCC Replacement heads for Subtank (5pack),$13.99 ,639,https://101vape.com/kanger-ni-200-occ-replacement-heads-for-subtank-5pack.html
Aspire - Feedlink Revvo Kit - Squonk BF 7mL,$40.00 ,2820,https://101vape.com/aspire-feedlink-revvo-kit-squonk-bf-7ml.html
Aspire - Spryte AIO Starter Kit - 650mAh 3.5mL,$25.99 ,ASPISPRY,https://101vape.com/aspire-spryte-starter-kit-650mah-3-5ml-all-in-one.html
New Kanger Vertical Organic Cotton Coil VOCC (5 pack) ,$5.99 ,652,https://101vape.com/new-kanger-vertical-organic-cotton-coil-vocc-5-pack.html
Sense Cyclone Replacement Coil Heads (5 Pack),$7.99 ,1496,https://101vape.com/sense-cyclone-replacement-coil-heads-5-pack.html
Sense Cyclone Sub-Ohm Tank,$5.99 ,757,https://101vape.com/sense-cyclone-sub-ohm-tank.html
SkyStar Touchscreen Mod by Aspire - 210W TC TCR - WHITE,$53.99 ,2435,https://101vape.com/skystar-touchscreen-mod-by-aspire-210w-tc-tcr-white.html
Aspire - Replacement Pod - Spryte AIO Kit (each),$5.99 ,ASPISPRE,https://101vape.com/aspire-replacement-pod-spryte-aio-kit.html
Aspire - SkyStar Revvo Kit - 210W TC TCR - WHITE,$69.99 ,2503,https://101vape.com/aspire-skystar-revvo-kit-210w-tc-tcr-white.html
SkyStar Touchscreen Mod by Aspire - 210W TC TCR - WOODGRAIN,$53.99 ,2433,https://101vape.com/skystar-touchscreen-mod-by-aspire-210w-tc-tcr-woodgrain.html
SkyStar Touchscreen Mod by Aspire - 210W TC TCR - BLUE CAMO,$53.99 ,2432,https://101vape.com/skystar-touchscreen-mod-by-aspire-210w-tc-tcr-blue-camo.html
SkyStar Touchscreen Mod by Aspire - 210W TC TCR - SLATE BLUE,$53.99 ,2434,https://101vape.com/skystar-touchscreen-mod-by-aspire-210w-tc-tcr-slate-blue.html
Eleaf - iStick Pico S Kit (Includes 21700 Battery) - LED 100W TC TCR,$44.00 ,2815,https://101vape.com/eleaf-istick-pico-s-kit-includes-21700-battery-led-100w-tc-tcr.html
Aspire Breeze Replacement Coil Heads (5 Pack),$8.99 ,1830,https://101vape.com/aspire-breeze-replacement-coil-heads-5-pack.html
Aspire Cleito 120 Replacement Glass Tube,$2.99 ,1813,https://101vape.com/aspire-cleito-120-replacement-glass-tube.html
Eleaf - iJust 3 Starter Kit - 3000mAh 80W Max - RED,$33.99 ,2742,https://101vape.com/eleaf-ijust-3-starter-kit-3000mah-80w-max-red.html
Eleaf - iJust 3 Starter Kit - 3000mAh 80W Max - BLACK,$33.99 ,2743,https://101vape.com/eleaf-ijust-3-starter-kit-3000mah-80w-max-black.html
Eleaf - iJust 3 Starter Kit - 3000mAh 80W Max - BLUE,$33.99 ,2741,https://101vape.com/eleaf-ijust-3-starter-kit-3000mah-80w-max-blue.html
Eleaf - iJust 3 Starter Kit - 3000mAh 80W Max - PURPLE,$33.99 ,2740,https://101vape.com/eleaf-ijust-3-starter-kit-3000mah-80w-max-purple.html
Eleaf - iStick Pico RESIN Kit (with Melo 4) - 75W TC TCR - AMBER,$40.00 ,2736,https://101vape.com/eleaf-istick-pico-resin-kit-with-melo-4-75w-tc-tcr-amber.html
Eleaf - ELLO Replacement Coil Heads - iJust 3 Kit (5 Pack),$12.99 ,2739,https://101vape.com/eleaf-ello-replacement-coil-heads-ijust-3-kit-5-pack.html
UD Zephyrus OCC Replacement Head (4 Pack),$10.99 ,651,https://101vape.com/ud-zephyrus-occ-replacement-head-4-pack.html
Eleaf - iStick Pico RESIN Kit (with Melo 4) - 75W TC TCR - GRAY,$40.00 ,2737,https://101vape.com/eleaf-istick-pico-resin-kit-with-melo-4-75w-tc-tcr-gray.html
Silica Braided Cord (1 meter),$1.99 ,626,https://101vape.com/silica-braided-cord-1-meter.html
Ribbon Twisted Kanthal,$1.60 ,637,https://101vape.com/ribbon-twisted-kanthal.html
Twisted Kanthal,$1.60 ,629,https://101vape.com/twisted-kanthal.html
Eleaf - iStick Pico S LED 21700 Mod (Includes Battery) - 100W TC TCR,$33.00 ,2814,https://101vape.com/eleaf-istick-pico-s-led-21700-mod-includes-battery-100w-tc-tcr.html
Prebuilt Kanthal Coils (10 pack),$2.99 ,484,https://101vape.com/prebuilt-kanthal-coils-10-pack.html
Eleaf - iStick Pico RESIN Kit (with Melo 4) - 75W TC TCR - BLACK,$40.00 ,2738,https://101vape.com/eleaf-istick-pico-resin-kit-with-melo-4-75w-tc-tcr-black.html
Silica wick 2.5mm -1 meter,$0.99 ,59,https://101vape.com/silica-wick-2-5mm-1-meter.html
Kanthal Resistance Wire,$1.00 ,470,https://101vape.com/kanthal-resistance-wire.html
Pyrex replacement tank for AGA-T2,$0.99 ,55,https://101vape.com/pyrex-replacement-tank-for-aga-t2.html
IJOY - Replacement X3 Coils - Avenger Kit Diamond Kit (3 Pack),$9.99 ,2836,https://101vape.com/ijoy-replacement-x3-coils-avenger-kit-diamond-kit-3-pack.html
Eleaf - iStick Pico RESIN Kit (with Melo 4) - 75W TC TCR - GREEN,$40.00 ,2735,https://101vape.com/eleaf-istick-pico-resin-kit-with-melo-4-75w-tc-tcr-green.html
LG Brown HG2 INR18650 3000mah 18650 Battery (pair),$15.99 ,707,https://101vape.com/lg-brown-hg2-inr18650-3000mah-18650-battery-pair.html
Genie PD270 LED 234W TC TCR Box Mod by IJOY - STAINLESS STEEL,$40.00 ,2070,https://101vape.com/genie-pd270-led-234w-tc-tcr-box-mod-by-ijoy-stainless-steel.html
LG HB4 1500mAh 30A 18650 Battery (Pair),$8.99 ,1099,https://101vape.com/lg-hb4-1500mah-30a-18650-battery-pair.html
-PAIR-LG 18650 HE2 35A 2500mAh Battery,$9.99 ,267,https://101vape.com/pair-lg-18650-he2-35a-2500mah-battery.html
Genie PD270 LED 234W TC TCR Box Mod by IJOY - RAINBOW,$40.00 ,2132,https://101vape.com/genie-pd270-led-234w-tc-tcr-box-mod-by-ijoy-rainbow.html
UD Diagonal Cutting Pliers for Coils,$7.99 ,630,https://101vape.com/ud-diagonal-cutting-pliers-for-coils.html
LG HE4 18650 35 amp 2500 mah battery (pair),$11.99 ,598,https://101vape.com/lg-he4-18650-35-amp-2500-mah-battery-pair.html
